City_ID,City,Lat,Lng,Max Temp,Humidity,Cloudiness,Wind Speed,Country,Date
0,mataram,-8.5833,116.1167,30.45,75,81,81,81,81
1,adamstown,-25.066,-130.1015,22.65,85,39,39,39,39
2,dzuunharaa,48.8523,106.4579,-6.36,79,84,84,84,84
3,chibougamau,49.9168,-74.3659,-19.21,84,100,100,100,100
4,arzgir,45.3728,44.2206,9.74,62,53,53,53,53
5,richards bay,-28.783,32.0377,20.81,81,36,36,36,36
6,puerto natales,-51.7236,-72.4875,1.83,90,44,44,44,44
7,ushuaia,-54.8,-68.3,4.81,81,40,40,40,40
8,yellowknife,62.456,-114.3525,-18.71,84,75,75,75,75
9,avarua,-21.2078,-159.775,26.03,73,75,75,75,75
10,mamadysh,55.7152,51.408,-9.4,99,45,45,45,45
11,aasiaat,68.7098,-52.8699,-13.02,85,33,33,33,33
12,carutapera,-1.195,-46.02,25.93,85,100,100,100,100
13,longyearbyen,78.2186,15.6401,-7.09,79,75,75,75,75
14,boguchany,58.3814,97.4531,-6.19,97,100,100,100,100
15,papatowai,-46.5619,169.4708,12.68,52,7,7,7,7
16,labrador city,52.9463,-66.9114,-28.05,76,20,20,20,20
17,edinburgh of the seven seas,-37.0676,-12.3116,13.74,77,100,100,100,100
18,guajara mirim,-10.7828,-65.3394,23.84,90,62,62,62,62
19,kapuskasing,49.4169,-82.4331,-10.95,92,40,40,40,40
20,sao joaquim,-28.2939,-49.9317,16.32,97,100,100,100,100
21,grytviken,-54.2811,-36.5092,2.42,80,61,61,61,61
22,phongsali,21.6833,102.1058,17.07,88,100,100,100,100
23,talnakh,69.4865,88.3972,-32.79,91,14,14,14,14
24,nemuro,43.3236,145.575,4.72,55,15,15,15,15
25,basco,20.4487,121.9702,25.62,82,45,45,45,45
26,saint-joseph,-21.3667,55.6167,25.82,85,83,83,83,83
27,broken hill,-31.95,141.4333,27.07,23,6,6,6,6
28,atafu village,-8.5421,-172.5159,28.1,73,98,98,98,98
29,abashiri,44.0213,144.2697,3.16,52,75,75,75,75
30,dudinka,69.4058,86.1778,-28.92,90,17,17,17,17
31,colonia,50.9333,6.95,2.12,83,75,75,75,75
32,bethel,41.3712,-73.414,8.84,88,100,100,100,100
33,revda,56.801,59.9303,-12.64,93,100,100,100,100
34,nizhyn,51.048,31.8869,0.68,100,100,100,100,100
35,ifanadiana,-21.3,47.6333,17.76,90,92,92,92,92
36,waitangi,-43.9535,-176.5597,16.01,86,100,100,100,100
37,okhotsk,59.3833,143.3,-29.82,86,58,58,58,58
38,uttar char fasson,22.2332,90.7132,25.3,63,65,65,65,65
39,salalah,17.0151,54.0924,25.05,57,0,0,0,0
40,udachny,66.4167,112.4,-40.23,100,97,97,97,97
41,badger,64.8,-147.5333,-21.07,83,20,20,20,20
42,ati,13.2154,18.3353,22.72,16,25,25,25,25
43,bria,6.5423,21.9863,21.32,92,72,72,72,72
44,port elizabeth,-33.918,25.5701,19.62,92,20,20,20,20
45,tomatlan,19.9333,-105.25,22.32,73,100,100,100,100
46,petropavlovsk-kamchatsky,53.0452,158.6483,-7.53,76,75,75,75,75
47,port-aux-francais,-49.35,70.2167,5.55,87,75,75,75,75
48,san patricio,28.017,-97.5169,17.92,60,100,100,100,100
49,weno,7.4515,151.8468,31.97,66,75,75,75,75
50,nicoya,10.1483,-85.452,23.33,90,8,8,8,8
51,dolbeau-mistassini,48.8763,-72.212,-10.64,93,9,9,9,9
52,lihue,21.9789,-159.3672,25.77,81,20,20,20,20
53,albany,42.6001,-73.9662,6.88,93,100,100,100,100
54,priozersk,61.0393,30.1291,-8.36,85,100,100,100,100
55,lompoc,34.6391,-120.4579,14.4,84,0,0,0,0
56,mahanoro,-19.9,48.8,21.1,89,100,100,100,100
57,torghay,49.6339,63.4981,0.79,75,100,100,100,100
58,iqaluit,63.7506,-68.5145,-5.15,63,75,75,75,75
59,vadamadurai,10.4667,78.0833,25.88,78,100,100,100,100
60,haiku-pauwela,20.9219,-156.3051,26.01,74,20,20,20,20
61,quang ngai,15.1167,108.8,24.92,92,100,100,100,100
62,ust-tsilma,65.441,52.1498,-10.77,98,100,100,100,100
63,sept-iles,50.2001,-66.3821,-7.0,85,20,20,20,20
64,hadibu,12.65,54.0333,25.36,74,100,100,100,100
65,anadyr,64.75,177.4833,-18.72,84,20,20,20,20
66,minas de marcona,-15.2119,-75.1103,14.04,86,61,61,61,61
67,trujillo,-8.116,-79.03,19.98,83,75,75,75,75
68,cidreira,-30.1811,-50.2056,21.88,96,100,100,100,100
69,georgetown,5.4112,100.3354,30.96,72,20,20,20,20
70,yermentau,51.6214,73.1069,1.95,97,100,100,100,100
71,utrik,11.2278,169.8474,27.2,75,63,63,63,63
72,dwarka,22.2394,68.9678,24.93,58,0,0,0,0
73,tiksi,71.6872,128.8694,-25.63,99,100,100,100,100
74,fort mcmurray,56.7268,-111.381,-12.27,92,0,0,0,0
75,bredasdorp,-34.5322,20.0403,16.2,72,85,85,85,85
76,whitehorse,60.7161,-135.0538,-11.57,92,75,75,75,75
77,junqueiro,-9.9253,-36.4758,22.18,91,67,67,67,67
78,durg,21.1833,81.2833,24.1,49,96,96,96,96
79,nar'yan-mar,67.6713,53.087,-12.72,94,100,100,100,100
80,hermanus,-34.4187,19.2345,16.97,70,86,86,86,86
81,enewetak,11.3474,162.3373,27.85,77,96,96,96,96
82,invercargill,-46.4,168.35,11.78,55,5,5,5,5
83,grand falls-windsor,48.9332,-55.6649,-1.94,93,100,100,100,100
84,chonchi,-42.6128,-73.8092,5.62,96,17,17,17,17
85,lazaro cardenas,17.9583,-102.2,25.44,74,85,85,85,85
86,jamestown,42.097,-79.2353,6.37,100,100,100,100,100
87,batie,9.8833,-2.9167,25.18,27,70,70,70,70
88,laguna,38.421,-121.4238,14.16,83,100,100,100,100
89,mount pearl,47.5166,-52.7813,2.3,94,75,75,75,75
90,barcelos,41.5388,-8.6151,8.25,82,51,51,51,51
91,rumbek,6.802,29.6912,26.54,56,73,73,73,73
92,west island,-12.1568,96.8225,27.99,61,66,66,66,66
93,vorgashor,67.5833,63.95,-24.58,98,64,64,64,64
94,port mathurin,-19.6833,63.4167,25.78,84,85,85,85,85
95,olonkinbyen,70.9221,-8.7187,-0.04,97,89,89,89,89
96,blackmans bay,-43.0167,147.3167,18.07,83,100,100,100,100
97,stanley,54.868,-1.6985,-0.71,93,93,93,93,93
98,isafjordur,66.0755,-23.124,-0.62,89,100,100,100,100
99,arraial do cabo,-22.9661,-42.0278,23.34,94,77,77,77,77
100,margaret river,-33.95,115.0667,20.4,64,6,6,6,6
101,prince rupert,54.3161,-130.3201,6.83,91,100,100,100,100
102,selfoss,63.9331,-20.9971,-2.76,63,100,100,100,100
103,visby,57.6409,18.296,-0.88,74,100,100,100,100
104,poso,-1.3959,120.7524,31.42,61,42,42,42,42
105,camayenne,9.535,-13.6878,27.32,79,91,91,91,91
106,kodiak,57.79,-152.4072,4.73,87,100,100,100,100
107,susuman,62.7833,148.1667,-37.8,100,97,97,97,97
108,harstad,68.799,16.5293,-2.14,90,64,64,64,64
109,palikir - national government center,6.9248,158.1611,30.47,74,100,100,100,100
110,katsuura,35.1333,140.3,14.01,54,1,1,1,1
111,jasper,37.2001,-94.3502,7.03,84,100,100,100,100
112,port lincoln,-34.7333,135.8667,21.46,55,57,57,57,57
113,saint-francois,46.4154,3.9054,-4.64,94,18,18,18,18
114,hamilton,39.1834,-84.5333,9.69,86,100,100,100,100
115,krompachy,48.9145,20.8751,-1.03,93,66,66,66,66
116,saimbeyli,37.9863,36.0906,6.45,70,89,89,89,89
117,vorkuta,67.5,64.0,-24.29,98,82,82,82,82
118,tsiombe,-25.3,45.4833,23.28,50,13,13,13,13
119,howrah,22.5892,88.3103,25.0,73,40,40,40,40
120,tralee,52.2704,-9.7026,2.95,96,83,83,83,83
121,ust'-kut,56.7938,105.7672,-5.87,93,100,100,100,100
122,ust-nera,64.5667,143.2,-38.78,100,96,96,96,96
123,tolanaro,-25.0319,46.9987,22.2,65,59,59,59,59
124,new norfolk,-42.7826,147.0587,18.72,59,99,99,99,99
125,rolla,37.9514,-91.7713,5.29,92,100,100,100,100
126,gadzhiyevo,69.2551,33.3362,-0.74,91,100,100,100,100
127,east london,-33.0153,27.9116,21.11,86,100,100,100,100
128,ironwood,46.4547,-90.171,-0.81,86,40,40,40,40
129,alofi,-19.0595,-169.9187,28.94,65,26,26,26,26
130,puerto baquerizo moreno,-0.9,-89.6,23.76,84,100,100,100,100
131,torbeyevo,54.0797,43.2473,-9.66,95,95,95,95,95
132,qaqortoq,60.7167,-46.0333,-2.13,75,100,100,100,100
133,sampit,-2.5333,112.95,33.25,54,87,87,87,87
134,mount gambier,-37.8333,140.7667,22.83,44,9,9,9,9
135,oyama,36.3,139.8,14.77,41,6,6,6,6
136,hithadhoo,-0.6,73.0833,27.86,73,6,6,6,6
137,sekong,-6.3996,106.0252,30.54,65,66,66,66,66
138,sanming,26.2486,117.6186,13.41,95,100,100,100,100
139,sao jose da coroa grande,-8.8978,-35.1478,25.09,84,87,87,87,87
140,la passe,45.5549,-0.8967,-1.87,90,99,99,99,99
141,pandan,14.0453,124.1694,27.49,85,47,47,47,47
142,praia da vitoria,38.7333,-27.0667,14.14,67,20,20,20,20
143,ilulissat,69.2167,-51.1,-2.99,50,15,15,15,15
144,constantia,44.1833,28.65,11.5,75,100,100,100,100
145,turaif,31.6725,38.6637,7.14,70,0,0,0,0
146,campos altos,-19.6961,-46.1714,19.15,95,99,99,99,99
147,hawaiian paradise park,19.5933,-154.9731,23.73,95,100,100,100,100
148,moyynkum,44.2914,72.9469,7.92,44,67,67,67,67
149,mili,6.0815,171.735,27.06,85,100,100,100,100
150,timbuktu,16.7735,-3.0074,23.67,10,15,15,15,15
151,tura,25.5198,90.2201,25.13,48,53,53,53,53
152,porto novo,6.4965,2.6036,26.9,90,89,89,89,89
153,conception bay south,47.4999,-52.9981,2.63,96,100,100,100,100
154,camana,-16.6228,-72.7111,19.38,81,45,45,45,45
155,siwa oasis,29.2041,25.5195,14.89,69,81,81,81,81
156,talodi,10.6325,30.3797,25.47,31,84,84,84,84
157,regina,50.4501,-104.6178,-4.98,78,0,0,0,0
158,guercif,34.2257,-3.3536,9.22,75,10,10,10,10
159,nova sintra,14.8667,-24.7167,22.4,78,66,66,66,66
160,narvik,68.4384,17.4272,-7.63,83,65,65,65,65
161,waterville,44.552,-69.6317,3.58,96,100,100,100,100
162,vilyuysk,63.7553,121.6247,-41.44,99,72,72,72,72
163,emporia,38.4039,-96.1817,1.61,100,100,100,100,100
164,wailua homesteads,22.0669,-159.378,25.44,83,20,20,20,20
165,chernyshevsk,52.5243,117.0174,-10.57,90,100,100,100,100
166,mabaruma,8.2,-59.7833,23.19,95,0,0,0,0
167,westport,41.1415,-73.3579,10.05,92,100,100,100,100
168,kapit,2.0167,112.9333,28.77,82,72,72,72,72
169,fakenham,52.83,0.8477,0.36,84,81,81,81,81
170,soe,-9.8607,124.284,31.04,44,69,69,69,69
171,happy valley-goose bay,53.3168,-60.3315,-14.83,78,75,75,75,75
172,new plymouth,-39.0667,174.0833,17.67,94,100,100,100,100
173,escarcega,18.6089,-90.7454,22.85,85,38,38,38,38
174,kingston,17.997,-76.7936,28.53,83,20,20,20,20
175,fonte boa,-2.4959,-66.2662,23.05,99,100,100,100,100
176,thompson,55.7435,-97.8558,-10.91,85,75,75,75,75
177,forster,-32.1667,152.5167,24.1,80,72,72,72,72
178,limon,10.0,-83.0333,24.47,82,32,32,32,32
179,mejit,10.2753,170.8646,27.24,78,53,53,53,53
180,berezovyy,51.6667,135.7,-9.53,52,75,75,75,75
181,freetown,8.484,-13.2299,26.1,85,68,68,68,68
182,monywa,22.1167,95.1333,23.08,75,100,100,100,100
183,st. john's,47.5649,-52.7093,2.76,93,75,75,75,75
184,faya-largeau,17.9257,19.1043,20.75,18,10,10,10,10
185,uliastay,47.7417,96.8444,-7.61,77,97,97,97,97
186,yeed,4.55,43.0333,24.64,60,99,99,99,99
187,port blair,11.6667,92.75,29.02,84,75,75,75,75
188,nantucket,41.2835,-70.0995,8.06,94,100,100,100,100
189,kerikeri,-35.2268,173.9474,20.51,91,95,95,95,95
190,antonio enes,-16.2325,39.9086,25.08,63,0,0,0,0
191,natal,-5.795,-35.2094,26.12,83,40,40,40,40
192,carnarvon,-24.8667,113.6333,27.37,50,0,0,0,0
193,lakheri,25.6667,76.1667,22.39,56,64,64,64,64
194,paracuru,-3.41,-39.0306,27.28,79,10,10,10,10
195,afaahiti,-17.75,-149.2833,28.93,81,100,100,100,100
196,dunedin,-45.8742,170.5036,11.56,71,73,73,73,73
197,klyuchi,52.2667,79.1667,1.74,97,100,100,100,100
198,puerto ayora,-0.7393,-90.3518,23.64,96,97,97,97,97
199,bilibino,68.0546,166.4372,-25.81,98,83,83,83,83
200,port sudan,19.6175,37.2164,25.27,78,48,48,48,48
201,acarau,-2.8856,-40.12,25.69,78,23,23,23,23
202,kikwit,-5.041,18.8162,20.48,99,97,97,97,97
203,juneau,58.3019,-134.4197,0.23,93,75,75,75,75
204,labuan,5.2767,115.2417,30.2,74,20,20,20,20
205,jiexiu,37.0244,111.9125,7.24,20,1,1,1,1
206,ntungamo,-0.8833,29.65,16.66,96,66,66,66,66
207,magadan,59.5667,150.8,-23.04,88,100,100,100,100
208,puerto aysen,-45.4,-72.7,4.67,100,100,100,100,100
209,fort bragg,35.139,-79.006,19.34,87,100,100,100,100
210,la foa,-21.7108,165.8276,28.6,61,100,100,100,100
211,sao gabriel da cachoeira,-0.1303,-67.0892,23.35,98,100,100,100,100
212,lautoka,-17.6167,177.4667,30.92,62,20,20,20,20
213,debila,33.5167,6.95,12.04,50,0,0,0,0
214,yanykurgan,43.915,67.2481,6.19,82,85,85,85,85
215,mulayjah,27.271,48.4242,16.42,42,1,1,1,1
216,skovorodino,53.9833,123.9167,-13.02,83,100,100,100,100
217,dapa,9.7594,126.0531,27.86,80,90,90,90,90
218,caribou,46.8606,-68.012,0.24,92,100,100,100,100
219,coquimbo,-29.9533,-71.3436,14.85,88,0,0,0,0
220,kismayo,-0.3582,42.5454,27.47,78,42,42,42,42
221,toliara,-23.35,43.6667,23.19,59,0,0,0,0
222,san ramon,37.7799,-121.978,14.12,91,100,100,100,100
223,talara,-4.5772,-81.2719,21.07,84,32,32,32,32
224,sirjan,29.452,55.6814,10.0,43,0,0,0,0
225,lobujya,27.95,86.8167,-8.58,35,0,0,0,0
226,qulsary,46.9531,54.0198,7.52,87,100,100,100,100
227,tonekabon,36.8163,50.8738,9.97,46,3,3,3,3
228,nuuk,64.1835,-51.7216,0.34,74,20,20,20,20
229,argungu,12.7433,4.5269,21.77,13,12,12,12,12
230,mar del plata,-38.0023,-57.5575,14.49,71,100,100,100,100
231,guiuan,11.0333,125.7247,27.98,79,74,74,74,74
232,chilliwack,49.1747,-121.9443,6.66,90,100,100,100,100
233,zhangjiakou,40.81,114.8794,-0.07,34,0,0,0,0
234,touros,-5.1989,-35.4608,25.52,82,15,15,15,15
235,plesetsk,62.708,40.2916,-16.71,98,95,95,95,95
236,hasaki,35.7333,140.8333,15.16,42,13,13,13,13
237,akureyri,65.6835,-18.0878,-3.04,86,100,100,100,100
238,hami,42.8,93.45,2.84,26,18,18,18,18
239,bel ombre,-4.6167,55.4167,26.91,89,40,40,40,40
240,isabela,6.7085,121.9711,31.03,65,99,99,99,99
241,port alfred,-33.5906,26.891,18.43,95,100,100,100,100
242,sidi abdelli,35.0694,-1.1371,7.64,76,30,30,30,30
243,krasnoyarsk,56.0097,92.7917,-4.64,86,100,100,100,100
244,olonets,60.9847,32.9698,-16.86,100,91,91,91,91
245,berdigestyakh,62.0989,126.6992,-38.79,99,77,77,77,77
246,colotlan,22.1,-103.2667,15.3,51,100,100,100,100
247,luderitz,-26.6481,15.1594,16.7,77,4,4,4,4
248,lebu,-37.6167,-73.65,10.33,69,0,0,0,0
249,n'zeto,-7.2312,12.8666,25.71,81,32,32,32,32
250,la ronge,55.1001,-105.2842,-6.86,93,100,100,100,100
251,flin flon,54.7682,-101.865,-10.76,98,96,96,96,96
252,itoman,26.1247,127.6694,23.43,50,75,75,75,75
253,college,64.8569,-147.8028,-21.03,81,20,20,20,20
254,launceston,-41.45,147.1667,20.8,56,100,100,100,100
255,shillong,25.5689,91.8831,19.68,43,82,82,82,82
256,manado,1.487,124.8455,29.43,79,40,40,40,40
257,sharanga,57.1775,46.5396,-17.67,99,60,60,60,60
258,khovd,48.0056,91.6419,-4.68,56,100,100,100,100
259,sola,-13.8833,167.55,27.02,83,99,99,99,99
260,nishinoomote,30.7333,131.0,16.31,51,75,75,75,75
261,abepura,-2.6333,140.5833,32.45,55,20,20,20,20
262,ribeira grande,38.5167,-28.7,13.76,66,95,95,95,95
263,dampit,-8.2116,112.7493,27.33,72,98,98,98,98
264,margate,51.3813,1.3862,7.17,89,59,59,59,59
265,zemio,5.0314,25.1361,21.12,93,100,100,100,100
266,zarghun shahr,32.8473,68.4457,6.27,35,100,100,100,100
267,surinam,4.0,-56.0,22.14,89,35,35,35,35
268,dolinsk,47.35,142.8,-4.04,69,62,62,62,62
269,keflavik,64.0049,-22.5624,-2.76,80,0,0,0,0
270,boca do acre,-8.7522,-67.3978,23.78,93,38,38,38,38
271,rongelap,11.1635,166.8941,27.68,75,99,99,99,99
272,polyarnyy,69.1989,33.4478,-1.12,91,100,100,100,100
273,sitka,57.0531,-135.33,4.94,60,0,0,0,0
274,buka,40.8108,69.1986,10.67,43,0,0,0,0
275,vilyuchinsk,52.9306,158.4028,-6.71,78,100,100,100,100
276,cascais,38.6979,-9.4215,11.08,84,79,79,79,79
277,arvika,59.6553,12.5852,-11.66,91,25,25,25,25
278,bacabal,-4.2917,-44.7917,23.72,91,46,46,46,46
279,changyon,38.2508,125.0961,4.22,53,5,5,5,5
280,angaur state,6.906,134.13,28.41,78,84,84,84,84
281,curuzu cuatia,-29.7917,-58.0546,20.69,98,3,3,3,3
282,amparafaravola,-17.5833,48.2167,19.65,88,98,98,98,98
283,mata-utu,-13.2816,-176.1745,28.37,74,76,76,76,76
284,at taj,24.2049,23.2857,12.85,53,2,2,2,2
285,ceeldheer,3.8488,47.1806,26.03,76,100,100,100,100
286,san andres,12.5847,-81.7006,29.01,79,20,20,20,20
287,vila velha,-20.3297,-40.2925,26.08,86,75,75,75,75
288,gashua,12.871,11.0482,21.63,21,69,69,69,69
289,jiuquan,39.7432,98.5174,4.33,18,74,74,74,74
290,jining,35.405,116.5814,10.28,27,0,0,0,0
291,rio grande,-32.035,-52.0986,18.86,94,79,79,79,79
292,deogarh,21.5333,84.7333,25.76,48,81,81,81,81
293,praia,14.9215,-23.5087,25.3,78,40,40,40,40
294,erenhot,43.6475,111.9767,-2.23,47,22,22,22,22
295,media luna,20.1419,-77.435,24.68,81,31,31,31,31
296,tamanrasset,22.785,5.5228,6.95,24,0,0,0,0
297,fortuna,40.5982,-124.1573,13.53,98,100,100,100,100
298,zouerate,22.7187,-12.4521,18.53,48,86,86,86,86
299,alaghsas,17.0187,8.0168,19.27,16,37,37,37,37
300,nova vicosa,-17.8919,-39.3719,24.99,82,10,10,10,10
301,alesund,62.4723,6.1549,0.18,63,40,40,40,40
302,opuwo,-18.0607,13.84,21.15,77,100,100,100,100
303,geraldton,-28.7667,114.6,28.23,47,43,43,43,43
304,kenai,60.5544,-151.2583,-3.25,82,100,100,100,100
305,saipan,15.1355,145.701,31.39,58,40,40,40,40
306,chateaudun,48.0833,1.3333,-0.78,69,100,100,100,100
307,iskateley,67.6803,53.1512,-12.77,94,100,100,100,100
308,san sebastian de la gomera,28.0916,-17.1133,20.2,82,75,75,75,75
309,mahibadhoo,3.7833,72.9667,28.29,76,89,89,89,89
310,kavaratti,10.5669,72.642,28.19,75,100,100,100,100
311,champagnole,46.7445,5.9135,-6.24,90,18,18,18,18
312,janeng,-25.4167,25.55,21.8,29,12,12,12,12
313,churapcha,62.0025,132.4325,-37.39,100,92,92,92,92
314,le passage,44.2014,0.6028,2.64,100,100,100,100,100
315,ta`u,-14.2336,-169.5144,26.67,81,100,100,100,100
316,pisco,-13.7,-76.2167,19.45,82,0,0,0,0
317,tanjung pandan,-2.75,107.65,30.39,65,100,100,100,100
318,ostroleka,53.0862,21.5757,-1.71,96,100,100,100,100
319,brilon,51.4,8.5833,-1.3,93,96,96,96,96
320,san antonio de pale,-1.4014,5.6325,26.3,84,95,95,95,95
321,galliano,29.4422,-90.2992,24.0,88,100,100,100,100
322,illizi,26.4833,8.4667,12.89,18,0,0,0,0
323,sao vicente,-23.9631,-46.3919,30.15,26,43,43,43,43
324,fayroz koh,34.5195,65.2509,2.41,72,29,29,29,29
325,mizdah,31.4451,12.9801,12.73,25,4,4,4,4
326,guanhaes,-18.775,-42.9325,18.95,97,99,99,99,99
327,tual,-5.6667,132.75,28.63,72,99,99,99,99
328,villa gesell,-37.2639,-56.973,14.47,61,53,53,53,53
329,yigo village,13.5361,144.8886,29.62,72,40,40,40,40
330,hopkinsville,36.8656,-87.4886,10.35,54,100,100,100,100
331,nema,57.5067,50.5011,-17.94,99,51,51,51,51
332,miri,4.4148,114.0089,30.08,74,40,40,40,40
333,ghugus,19.9333,79.1333,25.68,50,95,95,95,95
334,aripuana,-9.1667,-60.6333,23.98,83,84,84,84,84
335,alice springs,-23.7,133.8833,35.75,17,1,1,1,1
336,katima mulilo,-17.5,24.2667,20.03,73,8,8,8,8
337,nova odesa,47.3078,31.7851,10.03,83,80,80,80,80
338,whangarei,-35.7317,174.3239,19.96,82,96,96,96,96
339,san julian,21.0167,-102.1667,15.48,61,100,100,100,100
340,guerrero negro,27.9769,-114.0611,18.29,67,0,0,0,0
341,canmore,51.0834,-115.3521,-0.94,96,100,100,100,100
342,tofol,5.3248,163.0078,27.88,83,100,100,100,100
343,yung shue wan,22.2333,114.1167,23.12,66,67,67,67,67
344,queenstown,-31.8976,26.8753,19.82,60,100,100,100,100
345,laojunmiao,39.8333,97.7333,2.79,20,40,40,40,40
346,puerto armuelles,8.2833,-82.8667,26.72,68,69,69,69,69
347,tagiura,32.8817,13.3506,18.52,74,42,42,42,42
348,suva,-18.1416,178.4415,29.71,74,40,40,40,40
349,luena,-11.7833,19.9167,19.1,100,100,100,100,100
350,itaueira,-7.6033,-43.0256,24.72,63,91,91,91,91
351,kegen,43.0197,79.2203,-0.86,44,8,8,8,8
352,severnoye,56.3491,78.3619,-0.25,98,100,100,100,100
353,valparaiso,-33.0393,-71.6273,14.8,67,0,0,0,0
354,bikenibeu village,1.3673,173.1241,29.98,79,75,75,75,75
355,nogliki,51.8333,143.1667,-12.59,77,11,11,11,11
356,extrema,-22.8547,-46.3183,20.06,69,57,57,57,57
357,ilha de mocambique,-15.0342,40.7358,25.12,72,14,14,14,14
358,masterton,-40.9597,175.6575,15.49,83,100,100,100,100
359,betio village,1.358,172.9211,30.02,82,100,100,100,100
360,uturoa,-16.7333,-151.4333,27.44,78,96,96,96,96
361,tazovsky,67.4667,78.7,-28.24,93,6,6,6,6
362,cabo san lucas,22.8909,-109.9124,23.06,64,0,0,0,0
363,san rafael del yuma,18.4299,-68.6739,26.76,91,80,80,80,80
364,pervomaysk,48.0443,30.8507,6.84,86,100,100,100,100
365,walvis bay,-22.9575,14.5053,17.27,80,100,100,100,100
366,arno,60.1167,18.6333,-2.9,84,100,100,100,100
367,ndioum,16.5129,-14.6471,25.26,36,75,75,75,75
368,benguela,-12.5763,13.4055,25.73,80,96,96,96,96
369,nova xavantina,-14.6667,-52.35,27.15,47,19,19,19,19
370,kuraymah,18.55,31.85,20.51,35,0,0,0,0
371,agadez,19.75,10.25,18.05,20,31,31,31,31
372,marsh harbour,26.5412,-77.0636,25.49,85,85,85,85,85
373,bambanglipuro,-7.95,110.2833,28.74,71,98,98,98,98
374,polessk,54.862,21.1028,-2.97,93,100,100,100,100
375,punta arenas,-53.15,-70.9167,4.06,70,0,0,0,0
376,asentamiento humano nicolas de pierola,-11.95,-76.7,14.52,74,100,100,100,100
377,bealanana,-14.55,48.7333,19.81,90,67,67,67,67
378,kingsbridge,50.2845,-3.7764,7.53,81,100,100,100,100
379,alexandria,31.2156,29.9553,15.3,78,37,37,37,37
380,mammoth lakes,37.6485,-118.9721,1.4,51,40,40,40,40
381,ponta delgada,37.7333,-25.6667,13.4,76,75,75,75,75
382,zhangye,38.9342,100.4517,6.21,11,20,20,20,20
383,iquique,-20.2208,-70.1431,19.02,80,30,30,30,30
384,auki,-8.7676,160.7034,24.33,95,100,100,100,100
385,kilindoni,-7.9139,39.6668,26.96,79,100,100,100,100
386,smithers,54.7804,-127.1743,-2.82,100,100,100,100,100
387,lisala,2.15,21.5167,20.93,98,95,95,95,95
388,yantzaza,-3.8278,-78.7594,20.56,90,58,58,58,58
389,ixtapa,20.7,-105.2,24.01,80,95,95,95,95
390,usinsk,65.9939,57.5281,-11.07,95,100,100,100,100
391,acapulco de juarez,16.8634,-99.8901,26.01,81,59,59,59,59
392,khandyga,62.6667,135.6,-31.5,97,100,100,100,100
393,bogale,16.2833,95.4,30.8,58,73,73,73,73
394,portland,45.5234,-122.6762,9.33,94,100,100,100,100
395,torre del mar,36.7414,-4.0946,12.14,45,0,0,0,0
396,horta,38.5333,-28.6333,13.34,66,96,96,96,96
397,san nicolas,18.1725,120.5953,31.95,55,75,75,75,75
398,usogorsk,63.4106,48.6872,-16.85,99,98,98,98,98
399,igarka,67.4667,86.5833,-30.76,97,86,86,86,86
400,chernyshevskiy,63.0128,112.4714,-36.01,99,77,77,77,77
401,saldanha,-33.0117,17.9442,12.03,77,55,55,55,55
402,santa rosa,14.3122,121.1114,29.5,82,57,57,57,57
403,al qadarif,14.0349,35.3834,23.37,54,30,30,30,30
404,champerico,14.3,-91.9167,26.62,76,2,2,2,2
405,huadian,42.9633,126.7478,-5.31,70,5,5,5,5
406,cafayate,-26.073,-65.9761,22.18,75,35,35,35,35
407,annau,37.8876,58.516,5.72,81,40,40,40,40
408,san juanito,28.0,-107.5833,1.12,27,0,0,0,0
409,aswan,24.0934,32.907,16.61,48,0,0,0,0
410,thief river falls,48.1191,-96.1812,-2.47,74,0,0,0,0
411,mahdia,35.5047,11.0622,16.97,63,97,97,97,97
412,paungde,18.4833,95.5,27.51,62,87,87,87,87
413,nassogne,50.1285,5.3427,-3.13,91,87,87,87,87
414,khash,28.2211,61.2158,13.62,45,0,0,0,0
415,madalena,41.2162,-8.3345,7.48,93,31,31,31,31
416,kone,-21.0595,164.8658,30.18,56,97,97,97,97
417,tarhuna,32.435,13.6332,12.53,79,6,6,6,6
418,beau vallon,-20.4189,57.6953,26.23,94,75,75,75,75
419,tevriz,57.509,72.4042,-6.84,95,100,100,100,100
420,lander,42.833,-108.7307,1.45,51,0,0,0,0
421,san luis de la loma,17.2706,-100.8939,25.56,76,42,42,42,42
422,callao,-12.0667,-77.15,21.51,77,75,75,75,75
423,bamboo flat,11.7,92.7167,29.05,84,75,75,75,75
424,kupang,-10.1667,123.5833,26.32,94,75,75,75,75
425,sisimiut,66.9395,-53.6735,-4.07,71,100,100,100,100
426,shahdad kot,27.8477,67.9055,21.16,35,0,0,0,0
427,dombarovskiy,50.7587,59.5386,-1.11,84,92,92,92,92
428,anamosa,42.1083,-91.2852,1.83,95,100,100,100,100
429,bechar,31.6167,-2.2167,7.18,49,0,0,0,0
430,alo,7.4178,6.7371,24.29,81,96,96,96,96
431,carta,46.5333,25.75,5.18,87,56,56,56,56
432,canutama,-6.5339,-64.3831,23.21,98,95,95,95,95
433,shihezi,44.3,86.0333,4.05,37,37,37,37,37
434,tokar,18.4254,37.729,26.83,68,94,94,94,94
435,kampene,-3.6,26.6667,20.38,100,100,100,100,100
436,vernon,50.2581,-119.2691,0.16,89,35,35,35,35
437,florence,43.7667,11.25,7.89,84,40,40,40,40
438,beira,-19.8436,34.8389,21.05,100,20,20,20,20
439,quellon,-43.1167,-73.6167,5.57,88,11,11,11,11
440,kanniyakumari,8.0833,77.5667,27.78,79,100,100,100,100
441,neverkino,52.7854,46.7417,-13.38,98,88,88,88,88
442,yamada,39.4667,141.95,9.26,65,83,83,83,83
443,port-cartier,50.0334,-66.8654,-7.18,86,17,17,17,17
444,andergrove,-21.0833,149.1833,28.22,71,25,25,25,25
445,samaro,25.2815,69.3965,22.4,33,0,0,0,0
446,bengkulu,-3.8004,102.2655,25.84,85,100,100,100,100
447,tongchuanshi,35.0806,109.0897,8.08,23,36,36,36,36
448,kudat,6.8837,116.8477,30.96,74,20,20,20,20
449,isiro,2.7739,27.616,18.57,99,28,28,28,28
450,aykhal,66.0,111.5,-37.09,100,71,71,71,71
451,ghadamis,30.1337,9.5007,13.14,20,3,3,3,3
452,ketchikan,55.3422,-131.6461,4.99,87,100,100,100,100
453,mikhaylovskoye,51.8239,79.7172,0.78,89,100,100,100,100
454,mount isa,-20.7333,139.5,36.87,22,9,9,9,9
455,ar raqqah,35.95,39.0167,12.3,63,5,5,5,5
456,oranjemund,-28.55,16.4333,15.25,94,12,12,12,12
457,fagaras,45.85,24.9667,9.58,86,81,81,81,81
458,newman,37.3138,-121.0208,12.13,81,100,100,100,100
459,kourou,5.1552,-52.6478,24.03,84,57,57,57,57
460,axim,4.8699,-2.2405,25.76,87,14,14,14,14
461,selibaby,15.159,-12.1829,26.77,15,100,100,100,100
462,codrington,-38.2667,141.9667,19.02,62,21,21,21,21
463,koulamoutou,-1.1303,12.4736,21.63,100,100,100,100,100
464,yamba,-5.9,22.3,20.19,98,100,100,100,100
465,markovo,57.3206,107.0881,-4.74,89,100,100,100,100
466,coahuayana de hidalgo,18.7,-103.6583,25.45,73,100,100,100,100
467,pathein,16.7833,94.7333,28.85,60,75,75,75,75
468,katabu,-4.9333,122.5167,34.76,44,17,17,17,17
469,redencao,-4.2258,-38.7306,24.49,84,48,48,48,48
470,as sulayyil,20.4607,45.5779,15.14,39,1,1,1,1
471,crane,31.3974,-102.3501,11.11,30,0,0,0,0
472,fale old settlement,-9.3852,-171.2468,28.22,72,100,100,100,100
473,bodo,67.28,14.405,-5.13,69,0,0,0,0
474,corinto,37.9407,22.9573,14.38,74,100,100,100,100
475,tabalah,19.95,42.4,16.58,37,36,36,36,36
476,agua prieta,31.3,-109.5667,8.54,60,0,0,0,0
477,kabalo,-6.05,26.9167,20.5,99,99,99,99,99
478,belleville,44.1788,-77.3705,1.15,85,100,100,100,100
479,ghat,24.9647,10.1728,16.95,21,0,0,0,0
480,gagnoa,6.1293,-5.9437,22.44,98,19,19,19,19
481,faranah,10.0404,-10.7434,21.09,55,79,79,79,79
482,nueva gerona,21.8833,-82.8,25.4,85,51,51,51,51
483,sao felix do xingu,-6.6447,-51.995,21.7,97,71,71,71,71
484,le vauclin,14.5452,-60.8388,25.03,83,0,0,0,0
485,monastyryshche,48.9909,29.8047,3.21,94,89,89,89,89
486,remire-montjoly,4.9167,-52.2667,24.02,94,0,0,0,0
487,cestos city,5.46,-9.5828,26.19,84,6,6,6,6
488,sinabang,2.4803,96.3801,24.46,95,100,100,100,100
489,namibe,-15.1961,12.1522,21.83,85,100,100,100,100
490,nuevitas,21.5453,-77.2644,25.36,84,65,65,65,65
491,las vegas,36.175,-115.1372,13.2,42,0,0,0,0
492,dunhua,43.3725,128.2425,-5.4,61,5,5,5,5
493,hassi messaoud,31.6804,6.0729,10.92,43,0,0,0,0
494,cudillero,43.5622,-6.1459,6.51,84,0,0,0,0
495,bogatyye saby,56.0102,50.4483,-15.47,98,27,27,27,27
496,coari,-4.085,-63.1414,22.85,98,100,100,100,100
497,ulsteinvik,62.3432,5.8487,0.17,68,79,79,79,79
498,hilo,19.7297,-155.09,23.85,96,100,100,100,100
499,hlusk,52.903,28.6845,-3.96,96,100,100,100,100
500,mollendo,-17.0231,-72.0147,19.01,83,51,51,51,51
501,karratha,-20.7377,116.8463,30.38,55,0,0,0,0
502,noumea,-22.2763,166.4572,33.99,75,80,80,80,80
503,vytegra,61.0064,36.4481,-13.13,97,92,92,92,92
504,kendari,-3.945,122.4989,32.09,56,16,16,16,16
505,turkmenabat,39.0733,63.5786,6.99,100,100,100,100,100
506,sovetskiy,61.3614,63.5842,-15.06,94,100,100,100,100
507,santa ana de yacuma,-13.75,-65.4333,28.04,66,99,99,99,99
508,warrnambool,-38.3833,142.4833,17.39,72,36,36,36,36
509,kirensk,57.7853,108.1119,-6.69,94,100,100,100,100
510,kayangel,8.0823,134.7173,28.63,78,77,77,77,77
511,tazacorte,28.629,-17.9293,18.54,82,100,100,100,100
512,chilecito,-29.1619,-67.4974,22.67,52,0,0,0,0
513,nadi,-17.8,177.4167,31.0,62,20,20,20,20
514,pyhajarvi,67.0701,27.2176,-8.59,97,98,98,98,98
515,dzhambeyty,50.2536,52.595,-2.04,78,56,56,56,56
516,santiago de cao,-7.9589,-79.2392,20.07,83,75,75,75,75
517,yuzhno-kurilsk,44.0306,145.8556,1.32,64,25,25,25,25
518,kivioli,59.3531,26.9711,-13.0,96,82,82,82,82
519,bumba,2.1833,22.4667,21.66,95,100,100,100,100
520,bairnsdale,-37.8333,147.6167,20.03,68,99,99,99,99
521,dauphin,51.1494,-100.0502,-0.92,69,0,0,0,0
522,stavern,59.0,10.0333,-9.6,75,93,93,93,93
523,antsiranana,-12.2787,49.2917,26.93,77,16,16,16,16
524,motueka,-41.1333,173.0167,16.72,93,100,100,100,100
525,saint-philippe,-21.3585,55.7679,25.06,83,79,79,79,79
526,ar ruways,24.1103,52.7306,23.69,58,0,0,0,0
527,west valley,46.5921,-120.6051,5.75,73,40,40,40,40
528,coxen hole,16.3244,-86.5366,27.6,89,0,0,0,0
529,velyka mykhaylivka,47.0794,29.8514,7.77,80,100,100,100,100
530,namtsy,62.7161,129.6658,-40.78,100,69,69,69,69
531,nizhnyaya poyma,56.1622,97.1933,-5.63,88,85,85,85,85
532,naberera,-4.2,36.9333,18.15,90,87,87,87,87
533,honcho,35.6931,139.9833,15.18,50,20,20,20,20
534,mentougou,39.9392,116.0917,4.52,24,0,0,0,0
535,vyatskiye polyany,56.226,51.0656,-17.88,99,38,38,38,38
536,sihora,23.4833,80.1167,20.63,71,2,2,2,2
537,sur,22.5667,59.5289,24.49,55,0,0,0,0
538,turpan,42.9333,89.1667,6.3,31,80,80,80,80
539,wissembourg,49.0371,7.9455,-2.38,81,12,12,12,12
540,necochea,-38.5473,-58.7368,11.97,48,75,75,75,75
541,lodwar,3.1191,35.5973,27.42,52,2,2,2,2
542,okahandja,-21.9833,16.9167,22.4,59,100,100,100,100
543,imbituba,-28.24,-48.6703,22.0,94,100,100,100,100
544,macas,-2.3167,-78.1167,19.56,95,55,55,55,55
545,satara,17.6833,73.9833,23.97,60,72,72,72,72
546,ardakan,32.31,54.0175,11.99,35,0,0,0,0
547,peace river,56.2501,-117.286,-4.83,86,100,100,100,100
548,fort st. john,56.2499,-120.8529,-11.06,85,20,20,20,20
549,vadso,70.0744,29.7487,0.09,86,75,75,75,75
550,taoudenni,22.6783,-3.9836,21.19,35,0,0,0,0
551,wynyard,-41.0,145.7167,16.7,73,98,98,98,98
552,figuig (centre),32.1089,-1.2286,7.27,61,0,0,0,0
553,altamira,-3.2033,-52.2064,22.65,96,22,22,22,22
554,gaspe,48.8334,-64.4819,-3.05,80,20,20,20,20
555,center,31.5107,-96.4247,11.22,70,0,0,0,0
556,kirakira,-10.4544,161.9205,27.62,86,100,100,100,100
